"Policy Type","Policy Group or Registry Key","Policy Setting","EffectiveState_M02_20250125-053623","MSFT-W2025-MemberServer-FINAL","Differences TODO"
"Audit Policy","Account Management","Security Group Management","Success","Success","OK"
"Audit Policy","Account Management","User Account Management","Success and Failure","Success and Failure","OK"
"Audit Policy","Detailed Tracking","PNP Activity","Success and Failure","Success and Failure","OK"
"Audit Policy","Detailed Tracking","Process Creation","Success and Failure","Success and Failure","OK"
"Audit Policy","Logon/Logoff","Account Lockout","Failure","Failure","OK"
"Audit Policy","Logon/Logoff","Group Membership","Success","Success","OK"
"Audit Policy","Logon/Logoff","Logoff","Success","Success","OK"
"Audit Policy","Logon/Logoff","Logon","Success and Failure","Success and Failure","OK"
"Audit Policy","Logon/Logoff","Other Logon/Logoff Events","Success and Failure","Success and Failure","OK"
"Audit Policy","Logon/Logoff","Special Logon","Success","Success","OK"
"Audit Policy","Object Access","Detailed File Share","Failure","Failure","OK"
"Audit Policy","Object Access","File Share","Success and Failure","Success and Failure","OK"
"Audit Policy","Object Access","Other Object Access Events","Success and Failure","Success and Failure","OK"
"Audit Policy","Object Access","Removable Storage","Success and Failure","Success and Failure","OK"
"Audit Policy","Policy Change","Audit Policy Change","Success and Failure","Success and Failure","OK"
"Audit Policy","Policy Change","Authentication Policy Change","Success","Success","OK"
"Audit Policy","Policy Change","Authorization Policy Change","Success","Success","OK"
"Audit Policy","Policy Change","MPSSVC Rule-Level Policy Change","Success and Failure","Success and Failure","OK"
"Audit Policy","Policy Change","Other Policy Change Events","Failure","Failure","OK"
"Audit Policy","Privilege Use","Sensitive Privilege Use","Success and Failure","Success and Failure","OK"
"Audit Policy","System","IPsec Driver","Success and Failure","Success and Failure","OK"
"Audit Policy","System","Other System Events","Success and Failure","Success and Failure","OK"
"Audit Policy","System","Security State Change","Success","Success","OK"
"Audit Policy","System","Security System Extension","Success","Success","OK"
"Audit Policy","System","System Integrity","Success and Failure","Success and Failure","OK"
"HKLM","Software\Microsoft\Cryptography\Wintrust\Config","EnableCertPaddingCheck","1","1","OK"
"HKLM","Software\Microsoft\Windows NT\CurrentVersion\Setup\RecoveryConsole","SetCommand","0","0","OK"
"HKLM","Software\Microsoft\Windows NT\CurrentVersion\Winlogon","AllocateDASD","0","0","OK"
"HKLM","Software\Microsoft\Windows NT\CurrentVersion\Winlogon","CachedLogonsCount","4","4","OK"
"HKLM","Software\Microsoft\Windows NT\CurrentVersion\Winlogon","PasswordExpiryWarning","14","14","OK"
"HKLM","Software\Microsoft\Windows NT\CurrentVersion\Winlogon","ScRemoveOption","1","1","OK"
"HKLM","Software\Microsoft\Windows\CurrentVersion\Policies\CredUI","EnumerateAdministrators","0","0","OK"
"HKLM","Software\Microsoft\Windows\CurrentVersion\Policies\Explorer","NoAutorun","1","1","OK"
"HKLM","Software\Microsoft\Windows\CurrentVersion\Policies\Explorer","NoDriveTypeAutoRun","255","255","OK"
"HKLM","Software\Microsoft\Windows\CurrentVersion\Policies\Explorer","PreXPSP2ShellProtocolBehavior","0","0","OK"
"HKLM","Software\Microsoft\Windows\CurrentVersion\Policies\System","ConsentPromptBehaviorAdmin","2","2","OK"
"HKLM","Software\Microsoft\Windows\CurrentVersion\Policies\System","ConsentPromptBehaviorUser","0","0","OK"
"HKLM","Software\Microsoft\Windows\CurrentVersion\Policies\System","DisableAutomaticRestartSignOn","1","0","CHECK"
"HKLM","Software\Microsoft\Windows\CurrentVersion\Policies\System","DisableBkGndGroupPolicy","[[[delete]]]","[[[delete]]]","OK"
"HKLM","Software\Microsoft\Windows\CurrentVersion\Policies\System","DisableCAD","0","0","OK"
"HKLM","Software\Microsoft\Windows\CurrentVersion\Policies\System","DontDisplayLastUserName","1","1","OK"
"HKLM","Software\Microsoft\Windows\CurrentVersion\Policies\System","EnableInstallerDetection","1","1","OK"
"HKLM","Software\Microsoft\Windows\CurrentVersion\Policies\System","EnableLUA","1","1","OK"
"HKLM","Software\Microsoft\Windows\CurrentVersion\Policies\System","EnableSecureUIAPaths","1","1","OK"
"HKLM","Software\Microsoft\Windows\CurrentVersion\Policies\System","EnableUIADesktopToggle","0","0","OK"
"HKLM","Software\Microsoft\Windows\CurrentVersion\Policies\System","EnableVirtualization","1","1","OK"
"HKLM","Software\Microsoft\Windows\CurrentVersion\Policies\System","FilterAdministratorToken","1","1","OK"
"HKLM","Software\Microsoft\Windows\CurrentVersion\Policies\System","InactivityTimeoutSecs","900","900","OK"
"HKLM","Software\Microsoft\Windows\CurrentVersion\Policies\System","LegalNoticeCaption","","Welcome to Rijerkerk-ICT B.V.","OK"
"HKLM","Software\Microsoft\Windows\CurrentVersion\Policies\System","LegalNoticeText","","Welcome to Rijerkerk-ICT B.V. - Authorized use only","OK"
"HKLM","Software\Microsoft\Windows\CurrentVersion\Policies\System","LocalAccountTokenFilterPolicy","0","0","OK"
"HKLM","Software\Microsoft\Windows\CurrentVersion\Policies\System","MSAOptional","1","1","OK"
"HKLM","Software\Microsoft\Windows\CurrentVersion\Policies\System","PromptOnSecureDesktop","1","1","OK"
"HKLM","Software\Microsoft\Windows\CurrentVersion\Policies\System","ShutdownWithoutLogon","0","0","OK"
"HKLM","Software\Microsoft\Windows\CurrentVersion\Policies\System\Audit","ProcessCreationIncludeCmdLine_Enabled","1","1","OK"
"HKLM","Software\Microsoft\Windows\CurrentVersion\Policies\System\CredSSP\Parameters","AllowEncryptionOracle","0","0","OK"
"HKLM","Software\Microsoft\Windows\CurrentVersion\Policies\System\Kerberos\Parameters","PKInitHashAlgorithmConfigurationEnabled","1","1","OK"
"HKLM","Software\Microsoft\Windows\CurrentVersion\Policies\System\Kerberos\Parameters","PKInitSHA1","1","1","OK"
"HKLM","Software\Microsoft\Windows\CurrentVersion\Policies\System\Kerberos\Parameters","PKInitSHA256","1","1","OK"
"HKLM","Software\Microsoft\Windows\CurrentVersion\Policies\System\Kerberos\Parameters","PKInitSHA384","1","1","OK"
"HKLM","Software\Microsoft\Windows\CurrentVersion\Policies\System\Kerberos\Parameters","PKInitSHA512","1","1","OK"
"HKLM","Software\Microsoft\Windows\CurrentVersion\Policies\System\Kerberos\Parameters","SupportedEncryptionTypes","2147483640","2147483640","OK"
"HKLM","Software\Microsoft\Windows\CurrentVersion\Policies\System\SAM","SamrChangeUserPasswordApiPolicy","2","2","OK"
"HKLM","Software\Policies\Microsoft\Biometrics\FacialFeatures","EnhancedAntiSpoofing","1","1","OK"
"HKLM","Software\Policies\Microsoft\Cryptography","ForceKeyProtection","2","2","OK"
"HKLM","Software\Policies\Microsoft\Cryptography\Configuration\SSL\00010002","EccCurves","NistP256,NistP384","NistP256,NistP384","OK"
"HKLM","Software\Policies\Microsoft\Cryptography\Configuration\SSL\00010002","Functions","TLS_AES_128_GCM_SHA256,TLS_AES_256_GCM_SHA384,TLS_ECDHE_ECDSA_WITH_AES_128_GCM_SHA256,TLS_ECDHE_ECDSA_WITH_AES_256_GCM_SHA384,TLS_ECDHE_RSA_WITH_AES_128_GCM_SHA256,TLS_ECDHE_RSA_WITH_AES_256_GCM_SHA384,TLS_ECDHE_ECDSA_WITH_AES_128_CBC_SHA256,TLS_ECDHE_ECDSA_WITH_AES_256_CBC_SHA384,TLS_ECDHE_RSA_WITH_AES_128_CBC_SHA256,TLS_ECDHE_RSA_WITH_AES_256_CBC_SHA384","TLS_AES_128_GCM_SHA256,TLS_AES_256_GCM_SHA384,TLS_ECDHE_ECDSA_WITH_AES_128_GCM_SHA256,TLS_ECDHE_ECDSA_WITH_AES_256_GCM_SHA384,TLS_ECDHE_RSA_WITH_AES_128_GCM_SHA256,TLS_ECDHE_RSA_WITH_AES_256_GCM_SHA384,TLS_ECDHE_ECDSA_WITH_AES_128_CBC_SHA256,TLS_ECDHE_ECDSA_WITH_AES_256_CBC_SHA384,TLS_ECDHE_RSA_WITH_AES_128_CBC_SHA256,TLS_ECDHE_RSA_WITH_AES_256_CBC_SHA384","OK"
"HKLM","Software\Policies\Microsoft\InputPersonalization","RestrictImplicitInkCollection","","1","Check - Information from website, OSConfig did nothing"
"HKLM","Software\Policies\Microsoft\InputPersonalization","RestrictImplicitTextCollection","","1","Check - Information from website, OSConfig did nothing"
"HKLM","Software\Policies\Microsoft\Internet Explorer\Feeds","DisableEnclosureDownload","1","1","OK"
"HKLM","Software\Policies\Microsoft\MicrosoftAccount","DisableUserAuth","1","1","OK"
"HKLM","Software\Policies\Microsoft\Netlogon\Parameters","BlockNetbiosDiscovery","1","1","OK"
"HKLM","Software\Policies\Microsoft\W32time\TimeProviders\NtpClient","Enabled","","1","Check - Information from website, OSConfig did nothing"
"HKLM","Software\Policies\Microsoft\Windows NT\DNSClient","EnableMulticast","0","0","OK"
"HKLM","Software\Policies\Microsoft\Windows NT\DNSClient","EnableNetbios","[[[delete]]]","[[[delete]]]","OK"
"HKLM","Software\Policies\Microsoft\Windows NT\DNSClient\DnsPolicyConfig","","","[[[create key]]]","Check - Information from website, OSConfig did nothing"
"HKLM","Software\Policies\Microsoft\Windows NT\MitigationOptions","MitigationOptions_FontBocking","1000000000000","1000000000000","OK"
"HKLM","Software\Policies\Microsoft\Windows NT\Printers","DisableHTTPPrinting","1","1","OK"
"HKLM","Software\Policies\Microsoft\Windows NT\Printers","DisableWebPnPDownload","1","1","OK"
"HKLM","Software\Policies\Microsoft\Windows NT\Printers\PointAndPrint","RestrictDriverInstallationToAdministrators","1","1","OK"
"HKLM","Software\Policies\Microsoft\Windows NT\Rpc","EnableAuthEpResolution","1","1","OK"
"HKLM","Software\Policies\Microsoft\Windows NT\Rpc","RestrictRemoteClients","1","1","OK"
"HKLM","Software\Policies\Microsoft\Windows NT\Terminal Services","DeleteTempDirsOnExit","1","0","CHECK"
"HKLM","Software\Policies\Microsoft\Windows NT\Terminal Services","DisablePasswordSaving","1","1","OK"
"HKLM","Software\Policies\Microsoft\Windows NT\Terminal Services","fAllowFullControl","","[[[delete]]]","Check - Information from website, OSConfig did nothing"
"HKLM","Software\Policies\Microsoft\Windows NT\Terminal Services","fAllowToGetHelp","0","0","OK"
"HKLM","Software\Policies\Microsoft\Windows NT\Terminal Services","fAllowUnsolicited","0","0","OK"
"HKLM","Software\Policies\Microsoft\Windows NT\Terminal Services","fAllowUnsolicitedFullControl","","[[[delete]]]","Check - Information from website, OSConfig did nothing"
"HKLM","Software\Policies\Microsoft\Windows NT\Terminal Services","fDisableCdm","1","1","OK"
"HKLM","Software\Policies\Microsoft\Windows NT\Terminal Services","fEncryptRPCTraffic","1","1","OK"
"HKLM","Software\Policies\Microsoft\Windows NT\Terminal Services","fPromptForPassword","1","1","OK"
"HKLM","Software\Policies\Microsoft\Windows NT\Terminal Services","fUseMailto","","[[[delete]]]","Check - Information from website, OSConfig did nothing"
"HKLM","Software\Policies\Microsoft\Windows NT\Terminal Services","MaxTicketExpiry","","[[[delete]]]","Check - Information from website, OSConfig did nothing"
"HKLM","Software\Policies\Microsoft\Windows NT\Terminal Services","MaxTicketExpiryUnits","","[[[delete]]]","Check - Information from website, OSConfig did nothing"
"HKLM","Software\Policies\Microsoft\Windows NT\Terminal Services","MinEncryptionLevel","3","3","OK"
"HKLM","Software\Policies\Microsoft\Windows NT\Terminal Services","PerSessionTempDir","1","0","CHECK"
"HKLM","Software\Policies\Microsoft\Windows NT\Terminal Services","UserAuthentication","1","1","OK"
"HKLM","Software\Policies\Microsoft\Windows NT\Terminal Services\RAUnsolicit","[[[Delete all values]]]","","","Check - Information from website, OSConfig did nothing"
"HKLM","Software\Policies\Microsoft\Windows\AppCompat","DisableInventory","1","1","OK"
"HKLM","Software\Policies\Microsoft\Windows\Bowser","EnableMailslots","","0","Check - Information from website, OSConfig did nothing"
"HKLM","Software\Policies\Microsoft\Windows\CloudContent","DisableConsumerAccountStateContent","1","1","OK"
"HKLM","Software\Policies\Microsoft\Windows\CloudContent","DisableWindowsConsumerFeatures","","1","Check - Information from website, OSConfig did nothing"
"HKLM","Software\Policies\Microsoft\Windows\CredentialsDelegation","AllowProtectedCreds","1","1","OK"
"HKLM","Software\Policies\Microsoft\Windows\CredUI","DisablePasswordReveal","1","1","OK"
"HKLM","Software\Policies\Microsoft\Windows\DataCollection","AllowTelemetry","1","1","OK"
"HKLM","Software\Policies\Microsoft\Windows\DataCollection","DoNotShowFeedbackNotifications","1","1","OK"
"HKLM","Software\Policies\Microsoft\Windows\DeliveryOptimization","DODownloadMode","2","2","OK"
"HKLM","Software\Policies\Microsoft\Windows\Device Metadata","PreventDeviceMetadataFromNetwork","1","1","OK"
"HKLM","Software\Policies\Microsoft\Windows\DeviceGuard","ConfigureKernelShadowStacksLaunch","2","2","OK"
"HKLM","Software\Policies\Microsoft\Windows\DeviceGuard","ConfigureSystemGuardLaunch","","0","Check - Information from website, OSConfig did nothing"
"HKLM","Software\Policies\Microsoft\Windows\DeviceGuard","EnableVirtualizationBasedSecurity","","1","Check - Information from website, OSConfig did nothing"
"HKLM","Software\Policies\Microsoft\Windows\DeviceGuard","HVCIMATRequired","1","1","OK"
"HKLM","Software\Policies\Microsoft\Windows\DeviceGuard","HypervisorEnforcedCodeIntegrity","","3","Check - Information from website, OSConfig did nothing"
"HKLM","Software\Policies\Microsoft\Windows\DeviceGuard","LsaCfgFlags","","3","Check - Information from website, OSConfig did nothing"
"HKLM","Software\Policies\Microsoft\Windows\DeviceGuard","MachineIdentityIsolation","","3","Check - Information from website, OSConfig did nothing"
"HKLM","Software\Policies\Microsoft\Windows\DeviceGuard","RequirePlatformSecurityFeatures","1","1","OK"
"HKLM","Software\Policies\Microsoft\Windows\EventLog\Application","MaxSize","32768","32768","OK"
"HKLM","Software\Policies\Microsoft\Windows\EventLog\Application","Retention","0","0","CHECK (DWORD VS REG_SZ)"
"HKLM","Software\Policies\Microsoft\Windows\EventLog\Security","MaxSize","196608","196608","OK"
"HKLM","Software\Policies\Microsoft\Windows\EventLog\Security","Retention","0","0","CHECK (DWORD VS REG_SZ)"
"HKLM","Software\Policies\Microsoft\Windows\EventLog\Setup","MaxSize","32768","32768","OK"
"HKLM","Software\Policies\Microsoft\Windows\EventLog\Setup","Retention","0","0","CHECK (DWORD VS REG_SZ)"
"HKLM","Software\Policies\Microsoft\Windows\EventLog\System","MaxSize","32768","32768","OK"
"HKLM","Software\Policies\Microsoft\Windows\EventLog\System","Retention","0","0","CHECK (DWORD VS REG_SZ)"
"HKLM","Software\Policies\Microsoft\Windows\Explorer","NoAutoplayfornonVolume","1","1","OK"
"HKLM","Software\Policies\Microsoft\Windows\Explorer","NoDataExecutionPrevention","0","0","OK"
"HKLM","Software\Policies\Microsoft\Windows\Explorer","NoHeapTerminationOnCorruption","0","0","OK"
"HKLM","Software\Policies\Microsoft\Windows\Group Policy\{35378EAC-683F-11D2-A89A-00C04FBBCFA2}","NoBackgroundPolicy","0","0","OK"
"HKLM","Software\Policies\Microsoft\Windows\Group Policy\{35378EAC-683F-11D2-A89A-00C04FBBCFA2}","NoGPOListChanges","0","0","OK"
"HKLM","Software\Policies\Microsoft\Windows\Installer","AlwaysInstallElevated","0","0","OK"
"HKLM","Software\Policies\Microsoft\Windows\Installer","EnableUserControl","0","0","OK"
"HKLM","Software\Policies\Microsoft\Windows\Internet Connection Wizard","ExitOnMSICW","1","1","OK"
"HKLM","Software\Policies\Microsoft\Windows\Kernel DMA Protection","DeviceEnumerationPolicy","0","0","OK"
"HKLM","Software\Policies\Microsoft\Windows\LanmanServer","AuditClientDoesNotSupportEncryption","1","1","OK"
"HKLM","Software\Policies\Microsoft\Windows\LanmanServer","AuditClientDoesNotSupportSigning","1","1","OK"
"HKLM","Software\Policies\Microsoft\Windows\LanmanServer","AuditInsecureGuestLogon","1","1","OK"
"HKLM","Software\Policies\Microsoft\Windows\LanmanServer","EnableAuthRateLimiter","1","1","OK"
"HKLM","Software\Policies\Microsoft\Windows\LanmanServer","MinSmb2Dialect","768","768","OK"
"HKLM","Software\Policies\Microsoft\Windows\LanmanWorkstation","AllowInsecureGuestAuth","0","0","OK"
"HKLM","Software\Policies\Microsoft\Windows\LanmanWorkstation","AuditServerDoesNotSupportEncryption","1","1","OK"
"HKLM","Software\Policies\Microsoft\Windows\LanmanWorkstation","AuditServerDoesNotSupportSigning","1","1","OK"
"HKLM","Software\Policies\Microsoft\Windows\LanmanWorkstation","BlockNTLM","0","0","OK"
"HKLM","Software\Policies\Microsoft\Windows\LanmanWorkstation","BlockNTLMServerExceptionList","","","Check - Information from website, OSConfig did nothing"
"HKLM","Software\Policies\Microsoft\Windows\LanmanWorkstation","MinSmb2Dialect","768","768","OK"
"HKLM","Software\Policies\Microsoft\Windows\LanmanWorkstation","RequireEncryption","0","0","OK"
"HKLM","Software\Policies\Microsoft\Windows\Network Connections","NC_AllowNetBridge_NLA","0","0","OK"
"HKLM","Software\Policies\Microsoft\Windows\Network Connections","NC_ShowSharedAccessUI","0","0","OK"
"HKLM","Software\Policies\Microsoft\Windows\NetworkProvider","EnableMailslots","0","0","OK"
"HKLM","Software\Policies\Microsoft\Windows\NetworkProvider\HardenedPaths","\\*\NETLOGON","RequireIntegrity=1,RequireMutualAuthentication=1","RequireIntegrity=1,RequireMutualAuthentication=1","OK"
"HKLM","Software\Policies\Microsoft\Windows\NetworkProvider\HardenedPaths","\\*\SYSVOL","RequireIntegrity=1,RequireMutualAuthentication=1","RequireIntegrity=1,RequireMutualAuthentication=1","OK"
"HKLM","Software\Policies\Microsoft\Windows\Personalization","NoLockScreenCamera","1","1","OK"
"HKLM","Software\Policies\Microsoft\Windows\Personalization","NoLockScreenSlideshow","1","1","OK"
"HKLM","Software\Policies\Microsoft\Windows\PowerShell\Transcription","EnableInvocationHeader","","[[[delete]]]","Check - Information from website, OSConfig did nothing"
"HKLM","Software\Policies\Microsoft\Windows\PowerShell\Transcription","EnableTranscripting","0","0","OK"
"HKLM","Software\Policies\Microsoft\Windows\PowerShell\Transcription","OutputDirectory","","[[[delete]]]","Check - Information from website, OSConfig did nothing"
"HKLM","Software\Policies\Microsoft\Windows\Safer\CodeIdentifiers","AuthenticodeEnabled","1","1","OK"
"HKLM","Software\Policies\Microsoft\Windows\System","AllowCustomSSPsAPs","1","1","OK"
"HKLM","Software\Policies\Microsoft\Windows\System","AllowDomainPINLogon","0","0","OK"
"HKLM","Software\Policies\Microsoft\Windows\System","BlockUserFromShowingAccountDetailsOnSignin","1","1","OK"
"HKLM","Software\Policies\Microsoft\Windows\System","DisableLockScreenAppNotifications","1","1","OK"
"HKLM","Software\Policies\Microsoft\Windows\System","DontDisplayNetworkSelectionUI","1","1","OK"
"HKLM","Software\Policies\Microsoft\Windows\System","DontEnumerateConnectedUsers","1","1","OK"
"HKLM","Software\Policies\Microsoft\Windows\System","EnableCdp","0","0","OK"
"HKLM","Software\Policies\Microsoft\Windows\System","EnableSmartScreen","1","1","OK"
"HKLM","Software\Policies\Microsoft\Windows\System","EnumerateLocalUsers","0","0","OK"
"HKLM","Software\Policies\Microsoft\Windows\System","RunAsPPL","","2","Check - Information from website, OSConfig did nothing"
"HKLM","Software\Policies\Microsoft\Windows\System","ShellSmartScreenLevel","Block","Block","OK"
"HKLM","Software\Policies\Microsoft\Windows\WcmSvc\GroupPolicy","fMinimizeConnections","1","1","OK"
"HKLM","Software\Policies\Microsoft\Windows\Windows Search","AllowIndexingEncryptedStoresOrItems","0","0","OK"
"HKLM","Software\Policies\Microsoft\Windows\WinRM\Client","AllowBasic","0","0","OK"
"HKLM","Software\Policies\Microsoft\Windows\WinRM\Client","AllowDigest","0","0","OK"
"HKLM","Software\Policies\Microsoft\Windows\WinRM\Client","AllowUnencryptedTraffic","0","0","OK"
"HKLM","Software\Policies\Microsoft\Windows\WinRM\Service","AllowAutoConfig","1","1","OK"
"HKLM","Software\Policies\Microsoft\Windows\WinRM\Service","AllowBasic","0","0","OK"
"HKLM","Software\Policies\Microsoft\Windows\WinRM\Service","AllowUnencryptedTraffic","0","0","OK"
"HKLM","Software\Policies\Microsoft\Windows\WinRM\Service","DisableRunAs","1","1","OK"
"HKLM","Software\Policies\Microsoft\Windows\WinRM\Service","IPv4Filter","*","*","OK"
"HKLM","Software\Policies\Microsoft\Windows\WinRM\Service","IPv6Filter","*","*","OK"
"HKLM","Software\Policies\Microsoft\WindowsFirewall","PolicyVersion","","545","Check - Information from website, OSConfig did nothing"
"HKLM","Software\Policies\Microsoft\WindowsFirewall\DomainProfile","AllowLocalIPsecPolicyMerge","1","1","OK"
"HKLM","Software\Policies\Microsoft\WindowsFirewall\DomainProfile","AllowLocalPolicyMerge","1","1","OK"
"HKLM","Software\Policies\Microsoft\WindowsFirewall\DomainProfile","DefaultInboundAction","1","1","OK"
"HKLM","Software\Policies\Microsoft\WindowsFirewall\DomainProfile","DefaultOutboundAction","0","0","OK"
"HKLM","Software\Policies\Microsoft\WindowsFirewall\DomainProfile","DisableNotifications","1","0","CHECK"
"HKLM","Software\Policies\Microsoft\WindowsFirewall\DomainProfile","DisableUnicastResponsesToMulticastBroadcast","0","1","CHECK"
"HKLM","Software\Policies\Microsoft\WindowsFirewall\DomainProfile","EnableFirewall","1","1","OK"
"HKLM","Software\Policies\Microsoft\WindowsFirewall\DomainProfile\Logging","LogDroppedPackets","1","1","OK"
"HKLM","Software\Policies\Microsoft\WindowsFirewall\DomainProfile\Logging","LogFilePath","%SystemRoot%\System32\logfiles\firewall\domainfw.log","%SystemRoot%\System32\logfiles\firewall\domainfw.log","OK"
"HKLM","Software\Policies\Microsoft\WindowsFirewall\DomainProfile\Logging","LogFileSize","16384","16384","OK"
"HKLM","Software\Policies\Microsoft\WindowsFirewall\DomainProfile\Logging","LogSuccessfulConnections","1","1","OK"
"HKLM","Software\Policies\Microsoft\WindowsFirewall\PrivateProfile","AllowLocalIPsecPolicyMerge","1","1","OK"
"HKLM","Software\Policies\Microsoft\WindowsFirewall\PrivateProfile","AllowLocalPolicyMerge","1","1","OK"
"HKLM","Software\Policies\Microsoft\WindowsFirewall\PrivateProfile","DefaultInboundAction","1","1","OK"
"HKLM","Software\Policies\Microsoft\WindowsFirewall\PrivateProfile","DefaultOutboundAction","0","0","OK"
"HKLM","Software\Policies\Microsoft\WindowsFirewall\PrivateProfile","DisableNotifications","1","0","CHECK"
"HKLM","Software\Policies\Microsoft\WindowsFirewall\PrivateProfile","DisableUnicastResponsesToMulticastBroadcast","0","1","CHECK"
"HKLM","Software\Policies\Microsoft\WindowsFirewall\PrivateProfile","EnableFirewall","1","1","OK"
"HKLM","Software\Policies\Microsoft\WindowsFirewall\PrivateProfile\Logging","LogDroppedPackets","1","1","OK"
"HKLM","Software\Policies\Microsoft\WindowsFirewall\PrivateProfile\Logging","LogFilePath","%SystemRoot%\System32\logfiles\firewall\privatefw.log","%SystemRoot%\System32\logfiles\firewall\privatefw.log","OK"
"HKLM","Software\Policies\Microsoft\WindowsFirewall\PrivateProfile\Logging","LogFileSize","16384","16384","OK"
"HKLM","Software\Policies\Microsoft\WindowsFirewall\PrivateProfile\Logging","LogSuccessfulConnections","1","1","OK"
"HKLM","Software\Policies\Microsoft\WindowsFirewall\PublicProfile","AllowLocalIPsecPolicyMerge","1","1","OK"
"HKLM","Software\Policies\Microsoft\WindowsFirewall\PublicProfile","AllowLocalPolicyMerge","1","1","OK"
"HKLM","Software\Policies\Microsoft\WindowsFirewall\PublicProfile","DefaultInboundAction","1","1","OK"
"HKLM","Software\Policies\Microsoft\WindowsFirewall\PublicProfile","DefaultOutboundAction","0","0","OK"
"HKLM","Software\Policies\Microsoft\WindowsFirewall\PublicProfile","DisableNotifications","1","0","CHECK"
"HKLM","Software\Policies\Microsoft\WindowsFirewall\PublicProfile","DisableUnicastResponsesToMulticastBroadcast","1","1","OK"
"HKLM","Software\Policies\Microsoft\WindowsFirewall\PublicProfile","EnableFirewall","1","1","OK"
"HKLM","Software\Policies\Microsoft\WindowsFirewall\PublicProfile\Logging","LogDroppedPackets","1","1","OK"
"HKLM","Software\Policies\Microsoft\WindowsFirewall\PublicProfile\Logging","LogFilePath","%SystemRoot%\System32\logfiles\firewall\publicfw.log","%SystemRoot%\System32\logfiles\firewall\publicfw.log","OK"
"HKLM","Software\Policies\Microsoft\WindowsFirewall\PublicProfile\Logging","LogFileSize","16384","16384","OK"
"HKLM","Software\Policies\Microsoft\WindowsFirewall\PublicProfile\Logging","LogSuccessfulConnections","1","1","OK"
"HKLM","Software\Wow6432Node\Microsoft\Cryptography\Wintrust\Config","EnableCertPaddingCheck","1","1","OK"
"HKLM","SYSTEM\CurrentControlSet\Control\DeviceGuard","RequireMicrosoftSignedBootChain","1","1","OK"
"HKLM","SYSTEM\CurrentControlSet\Control\Lsa","CrashOnAuditFail","0","0","OK"
"HKLM","SYSTEM\CurrentControlSet\Control\Lsa","EveryoneIncludesAnonymous","0","0","OK"
"HKLM","SYSTEM\CurrentControlSet\Control\Lsa","ForceGuest","0","0","OK"
"HKLM","SYSTEM\CurrentControlSet\Control\Lsa","FullPrivilegeAuditing","30","1","CHECK"
"HKLM","SYSTEM\CurrentControlSet\Control\Lsa","LimitBlankPasswordUse","1","1","OK"
"HKLM","SYSTEM\CurrentControlSet\Control\Lsa","LmCompatibilityLevel","5","5","OK"
"HKLM","SYSTEM\CurrentControlSet\Control\Lsa","LsaCfgFlags","2","2","OK"
"HKLM","SYSTEM\CurrentControlSet\Control\Lsa","NoLMHash","1","1","OK"
"HKLM","SYSTEM\CurrentControlSet\Control\Lsa","RestrictAnonymous","1","1","OK"
"HKLM","SYSTEM\CurrentControlSet\Control\Lsa","RestrictAnonymousSAM","1","1","OK"
"HKLM","SYSTEM\CurrentControlSet\Control\Lsa","RestrictRemoteSAM",""O:BAG:BAD:(A","","RC","","","BA)"",""O:BAG:BAD:(A","","RC","","","BA)"","OK"
"HKLM","SYSTEM\CurrentControlSet\Control\Lsa","SCENoApplyLegacyAuditPolicy","1","1","OK"
"HKLM","SYSTEM\CurrentControlSet\Control\Lsa","UseMachineId","1","1","OK"
"HKLM","System\CurrentControlSet\Control\Lsa\MSV1_0","allownullsessionfallback","0","0","OK"
"HKLM","System\CurrentControlSet\Control\Lsa\MSV1_0","NTLMMinClientSec","537395200","537395200","OK"
"HKLM","System\CurrentControlSet\Control\Lsa\MSV1_0","NTLMMinServerSec","537395200","537395200","OK"
"HKLM","System\CurrentControlSet\Control\Lsa\pku2u","AllowOnlineID","1","1","OK"
"HKLM","System\CurrentControlSet\Control\Print\Providers\LanMan Print Services\Servers","AddPrinterDrivers","1","1","OK"
"HKLM","System\CurrentControlSet\Control\SecurePipeServers\Winreg\AllowedExactPaths","Machine","","Software\Microsoft\Windows NT\CurrentVersion,System\CurrentControlSet\Control\ProductOptions,System\CurrentControlSet\Control\Server Applications","Check - Information from website, OSConfig did nothing"
"HKLM","System\CurrentControlSet\Control\SecurePipeServers\Winreg\AllowedPaths","Machine","","Software\Microsoft\OLAP Server,Software\Microsoft\Windows NT\CurrentVersion\Perflib,Software\Microsoft\Windows NT\CurrentVersion\Print,Software\Microsoft\Windows NT\CurrentVersion\Windows,System\CurrentControlSet\Control\ContentIndex,System\CurrentControlSet\Control\Print\Printers,System\CurrentControlSet\Control\Terminal Server,System\CurrentControlSet\Control\Terminal Server\DefaultUserConfiguration,System\CurrentControlSet\Control\Terminal Server\UserConfig,System\CurrentControlSet\Services\Eventlog,System\CurrentControlSet\Services\SysmonLog","Check - Information from website, OSConfig did nothing"
"HKLM","SYSTEM\CurrentControlSet\Control\SecurityProviders\SCHANNEL\Protocols\DTLS 1.X\Client","Enabled","","1.2","Check - Information from website, OSConfig did nothing"
"HKLM","SYSTEM\CurrentControlSet\Control\SecurityProviders\SCHANNEL\Protocols\DTLS 1.X\Server","Enabled","","1.2","Check - Information from website, OSConfig did nothing"
"HKLM","SYSTEM\CurrentControlSet\Control\SecurityProviders\SCHANNEL\Protocols\TLS 1.X\Client","Enabled","","1.2","Check - Information from website, OSConfig did nothing"
"HKLM","SYSTEM\CurrentControlSet\Control\SecurityProviders\SCHANNEL\Protocols\TLS 1.X\Server","Enabled","","1.2","Check - Information from website, OSConfig did nothing"
"HKLM","SYSTEM\CurrentControlSet\Control\Session Manager","ProtectionMode","1","1","OK"
"HKLM","SYSTEM\CurrentControlSet\Control\Session Manager","SafeDllSearchMode","1","1","OK"
"HKLM","SYSTEM\CurrentControlSet\Control\Session Manager\kernel","DisableExceptionChainValidation","0","0","OK"
"HKLM","SYSTEM\CurrentControlSet\Control\Session Manager\kernel","ObCaseInsensitive","1","1","OK"
"HKLM","System\CurrentControlSet\Control\Session Manager\Memory Management","ClearPageFileAtShutdown","0","0","OK"
"HKLM","SYSTEM\CurrentControlSet\Control\Terminal Server\WinStations\RDP-Tcp","PortNumber","3389","3389","OK"
"HKLM","SYSTEM\CurrentControlSet\Policies","NtfsEncryptPagingFile","1","1","OK"
"HKLM","SYSTEM\CurrentControlSet\Policies\EarlyLaunch","DriverLoadPolicy","3","3","OK"
"HKLM","SYSTEM\CurrentControlSet\Services\Afd\Parameters","DisableAddressSharing","1","1","OK"
"HKLM","SYSTEM\CurrentControlSet\Services\Dnscache\Parameters","EnableNetbios","0","1","CHECK"
"HKLM","SYSTEM\CurrentControlSet\Services\Eventlog\Security","WarningLevel","","90","Check - Information from website, OSConfig did nothing"
"HKLM","SYSTEM\CurrentControlSet\Services\LanmanServer\Parameters","AutoDisconnect","15","15","OK"
"HKLM","SYSTEM\CurrentControlSet\Services\LanmanServer\Parameters","EnableForcedLogOff","1","1","OK"
"HKLM","SYSTEM\CurrentControlSet\Services\LanmanServer\Parameters","EnableSecuritySignature","1","1","OK"
"HKLM","SYSTEM\CurrentControlSet\Services\LanmanServer\Parameters","InvalidAuthenticationDelayTimeInMs","2000","2000","OK"
"HKLM","SYSTEM\CurrentControlSet\Services\LanmanServer\Parameters","NullSessionShares","","","Check - Information from website, OSConfig did nothing"
"HKLM","SYSTEM\CurrentControlSet\Services\LanmanServer\Parameters","requiresecuritysignature","1","1","OK"
"HKLM","SYSTEM\CurrentControlSet\Services\LanmanServer\Parameters","RestrictNullSessAccess","1","1","OK"
"HKLM","SYSTEM\CurrentControlSet\Services\LanmanServer\Parameters","SMB1","0","0","OK"
"HKLM","SYSTEM\CurrentControlSet\Services\LanmanServer\Parameters","SmbServerNameHardeningLevel","1","1","OK"
"HKLM","SYSTEM\CurrentControlSet\Services\LanmanWorkstation","DependOnService","Bowser,MRxSmb20,NSI","Bowser,MRxSmb20,NSI","OK"
"HKLM","System\CurrentControlSet\Services\LanmanWorkstation\Parameters","EnablePlainTextPassword","0","0","OK"
"HKLM","System\CurrentControlSet\Services\LanmanWorkstation\Parameters","EnableSecuritySignature","1","1","OK"
"HKLM","System\CurrentControlSet\Services\LanmanWorkstation\Parameters","RequireSecuritySignature","1","1","OK"
"HKLM","System\CurrentControlSet\Services\LDAP","LDAPClientIntegrity","1","1","OK"
"HKLM","SYSTEM\CurrentControlSet\Services\MrxSmb10","Start","4","4","OK"
"HKLM","SYSTEM\CurrentControlSet\Services\Netbt\Parameters","NodeType","2","2","OK"
"HKLM","SYSTEM\CurrentControlSet\Services\Netbt\Parameters","NoNameReleaseOnDemand","1","1","OK"
"HKLM","System\CurrentControlSet\Services\Netlogon\Parameters","DisablePasswordChange","0","0","OK"
"HKLM","System\CurrentControlSet\Services\Netlogon\Parameters","MaximumPasswordAge","30","30","OK"
"HKLM","System\CurrentControlSet\Services\Netlogon\Parameters","requiresignorseal","1","1","OK"
"HKLM","System\CurrentControlSet\Services\Netlogon\Parameters","requirestrongkey","1","1","OK"
"HKLM","System\CurrentControlSet\Services\Netlogon\Parameters","sealsecurechannel","1","1","OK"
"HKLM","System\CurrentControlSet\Services\Netlogon\Parameters","signsecurechannel","1","1","OK"
"HKLM","SYSTEM\CurrentControlSet\Services\Tcpip\Parameters","DisableIPSourceRouting","2","2","OK"
"HKLM","SYSTEM\CurrentControlSet\Services\Tcpip\Parameters","EnableICMPRedirect","0","0","OK"
"HKLM","SYSTEM\CurrentControlSet\Services\Tcpip6\Parameters","DisableIPSourceRouting","2","2","OK"
"Security Template","Privilege Rights","SeAssignPrimaryTokenPrivilege","*S-1-5-19,*S-1-5-20","*S-1-5-19,*S-1-5-20","OK"
"Security Template","Privilege Rights","SeAuditPrivilege","*S-1-5-19,*S-1-5-20,*S-1-5-82-3006700770-424185619-1745488364-794895919-4004696415","*S-1-5-19,*S-1-5-20,*S-1-5-82-3006700770-424185619-1745488364-794895919-4004696415","OK"
"Security Template","Privilege Rights","SeBackupPrivilege","*S-1-5-32-544,*S-1-5-32-549,*S-1-5-32-551","*S-1-5-32-544,*S-1-5-32-549,*S-1-5-32-551","OK"
"Security Template","Privilege Rights","SeChangeNotifyPrivilege","*S-1-5-11,*S-1-5-19,*S-1-5-20,*S-1-5-32-544,*S-1-5-32-551","*S-1-5-11,*S-1-5-19,*S-1-5-20,*S-1-5-32-544,*S-1-5-32-551","OK"
"Security Template","Privilege Rights","SeCreateGlobalPrivilege","*S-1-5-19,*S-1-5-20,*S-1-5-32-544,*S-1-5-6","*S-1-5-19,*S-1-5-20,*S-1-5-32-544,*S-1-5-6","OK"
"Security Template","Privilege Rights","SeCreatePagefilePrivilege","*S-1-5-32-544","*S-1-5-32-544","OK"
"Security Template","Privilege Rights","SeCreatePermanentPrivilege","","","OK"
"Security Template","Privilege Rights","SeCreateSymbolicLinkPrivilege","*S-1-5-32-544,*S-1-5-83-0","*S-1-5-32-544,S-1-5-83-0","CHECK"
"Security Template","Privilege Rights","SeCreateTokenPrivilege","","","OK"
"Security Template","Privilege Rights","SeDebugPrivilege","*S-1-5-32-544","*S-1-5-32-544","OK"
"Security Template","Privilege Rights","SeDenyBatchLogonRight","*S-1-5-32-546","*S-1-5-32-546","OK"
"Security Template","Privilege Rights","SeDenyInteractiveLogonRight","*S-1-5-32-546","*S-1-5-32-546","OK"
"Security Template","Privilege Rights","SeDenyNetworkLogonRight","*S-1-5-32-546","*S-1-5-32-546","OK"
"Security Template","Privilege Rights","SeDenyRemoteInteractiveLogonRight","*S-1-5-32-546","*S-1-5-32-546","OK"
"Security Template","Privilege Rights","SeDenyServiceLogonRight","*S-1-5-32-546","*S-1-5-32-546","OK"
"Security Template","Privilege Rights","SeEnableDelegationPrivilege","","","OK"
"Security Template","Privilege Rights","SeImpersonatePrivilege","*S-1-5-19,*S-1-5-20,*S-1-5-32-544,*S-1-5-6","*S-1-5-19,*S-1-5-20,*S-1-5-32-544,*S-1-5-6","OK"
"Security Template","Privilege Rights","SeIncreaseBasePriorityPrivilege","*S-1-5-32-544","*S-1-5-32-544","OK"
"Security Template","Privilege Rights","SeIncreaseQuotaPrivilege","*S-1-5-19,*S-1-5-20,*S-1-5-32-544","*S-1-5-19,*S-1-5-20,*S-1-5-32-544","OK"
"Security Template","Privilege Rights","SeIncreaseWorkingSetPrivilege","*S-1-5-19,*S-1-5-32-544","*S-1-5-19,*S-1-5-32-544","OK"
"Security Template","Privilege Rights","SeLoadDriverPrivilege","*S-1-5-32-544","*S-1-5-32-544","OK"
"Security Template","Privilege Rights","SeLockMemoryPrivilege","","","OK"
"Security Template","Privilege Rights","SeManageVolumePrivilege","*S-1-5-32-544","*S-1-5-32-544","OK"
"Security Template","Privilege Rights","SeNetworkLogonRight","*S-1-5-11,*S-1-5-32-544","*S-1-5-11,*S-1-5-32-544","OK"
"Security Template","Privilege Rights","SeProfileSingleProcessPrivilege","*S-1-5-32-544","*S-1-5-32-544","OK"
"Security Template","Privilege Rights","SeRelabelPrivilege","","","OK"
"Security Template","Privilege Rights","SeRemoteInteractiveLogonRight","*S-1-5-32-544,*S-1-5-32-555","*S-1-5-32-544,*S-1-5-32-555","OK"
"Security Template","Privilege Rights","SeRemoteShutdownPrivilege","*S-1-5-32-544","*S-1-5-32-544","OK"
"Security Template","Privilege Rights","SeRestorePrivilege","*S-1-5-32-544,*S-1-5-32-551","*S-1-5-32-544,*S-1-5-32-551","OK"
"Security Template","Privilege Rights","SeSecurityPrivilege","*S-1-5-32-544","*S-1-5-32-544","OK"
"Security Template","Privilege Rights","SeShutdownPrivilege","*S-1-5-32-544,*S-1-5-32-551","*S-1-5-32-544,*S-1-5-32-551","OK"
"Security Template","Privilege Rights","SeSystemEnvironmentPrivilege","*S-1-5-32-544","*S-1-5-32-544","OK"
"Security Template","Privilege Rights","SeSystemProfilePrivilege","*S-1-5-32-544,*S-1-5-80-3139157870-2983391045-3678747466-658725712-1809340420","*S-1-5-32-544,*S-1-5-80-3139157870-2983391045-3678747466-658725712-1809340420","OK"
"Security Template","Privilege Rights","SeSystemtimePrivilege","*S-1-5-19,*S-1-5-32-544","*S-1-5-19,*S-1-5-32-544","OK"
"Security Template","Privilege Rights","SeTakeOwnershipPrivilege","*S-1-5-32-544","*S-1-5-32-544","OK"
"Security Template","Privilege Rights","SeTcbPrivilege","","","OK"
"Security Template","Privilege Rights","SeTimeZonePrivilege","*S-1-5-19,*S-1-5-32-544","*S-1-5-19,*S-1-5-32-544","OK"
"Security Template","Privilege Rights","SeTrustedCredManAccessPrivilege","","","OK"
"Security Template","Service General Setting",""""AppIDSvc"""",""2,"""""",""2,"""""","OK"
"Security Template","Service General Setting",""""WSearch"""",""4,"""""",""4,"""""","OK"
"Security Template","System Access","ClearTextPassword","0","0","OK"
"Security Template","System Access","EnableGuestAccount","0","0","OK"
"Security Template","System Access","ForceLogoffWhenHourExpire","1","1","OK"
"Security Template","System Access","LockoutBadCount","3","3","OK"
"Security Template","System Access","LockoutDuration","15","15","OK"
"Security Template","System Access","MaximumPasswordAge","42","42","OK"
"Security Template","System Access","MinimumPasswordAge","1","1","OK"
"Security Template","System Access","MinimumPasswordLength","0","14","CHECK"
"Security Template","System Access","NewAdministratorName",""""Administrator"""",""""%adminname%"""","OK"
"Security Template","System Access","NewGuestName",""""Guest"""",""""%guestname%"""","OK"
"Security Template","System Access","PasswordComplexity","1","1","OK"
"Security Template","System Access","PasswordHistorySize","24","24","OK"
"Security Template","System Access","ResetLockoutCount","15","15","OK"
